Filename,Run Count,Last Run Date
"F:\BaiduNetdiskDownload\算法-第4版.pdf",4,132750558737984534
"F:\TIM下载\20下\《编译原理》课后习题答案全集清华大学.pdf",4,132698435977927632
"F:\TIM下载\19编译原理半期考A评分标准和标准答案.doc",4,132698427129784443
"F:\BaiduNetdiskDownload\2022计算机PDF\22王道计算机组成原理.pdf",4,132694532327537501
"F:\BaiduNetdiskDownload\676369 Qt5.9 c++开发指南.pdf",3,132728943752974322
"F:\TIM下载\20下\王珊《数据库系统概论》（第5版）笔记和课后习题详解.pdf",3,132697509933465941
"F:\TIM下载\20下\数据库系统概念（原书第六版）.pdf",3,132697050519927513
"F:\BaiduNetdiskDownload\极客时间\92.浏览器工作原理与实践\html\04丨导航流程：从输入URL到页面展示，这中间发生了什么？.html",2,132746152829759030
"F:\IT电子书\STLC++标准库(第2版)——自修教程与参考手册.pdf",2,132743647546441027
"F:\IT电子书\背包九讲_v2.pdf",2,132740265650165024
"F:\BaiduNetdiskDownload\算法竞赛进阶指南光盘资料",2,132737623780013009
"C:\Users\hellcat\AppData\Roaming\Typora\typora-user-images\image-20210816171724398.png",2,132735790983556746
"F:\BaiduNetdiskDownload\Bryant-2016-深入理解计算机系统-3rd Edition.pdf",2,132730342773527247
"F:\BaiduNetdiskDownload\基于元胞自动机的交通系统建模与模拟.pdf",2,132714269790176385
"F:\BaiduNetdiskDownload\Silberschatz-2012-数据库系统概念.pdf",2,132698565783029108
"F:\BaiduNetdiskDownload\2022计算机PDF\22天勤计算机组成原理.pdf",2,132695735929348216
"F:\BaiduNetdiskDownload\2022计算机PDF\22王道操作系统.pdf",2,132695135867847259
"F:\TIM下载\20下\OSTEP_操作系统导论_ 中文版.pdf",2,132694235797729373
"F:\BaiduNetdiskDownload\2022计算机PDF\22天勤操作系统.pdf",2,132694082175601168
"F:\TIM下载\20下\计算机组成原理资源库（PDF版）\习题答案库\计算机组成原理习题答案.pdf",2,132688064723049579
"F:\BaiduNetdiskDownload\Stevens-2014-UNIX 环境高级编程.pdf",2,132685053415323324
"F:\TIM下载\20下\116130219135林洋_人工智能导论.docx",2,132682423140009241
"F:\BaiduNetdiskDownload\SQL必知必会（第4版）.pdf",2,132673815050643297
"F:\BaiduNetdiskDownload\[算法设计技巧与分析].(沙特)阿苏外耶.清晰版.pdf",1,132752261926724471
"F:\BaiduNetdiskDownload\王道数据结构\08.第八章-排序\09.归并排序.mp4",1,132752052805359815
"D:\c_work\DataStructure\MergeSort.cpp",1,132752051737691869
"F:\BaiduNetdiskDownload\极客时间\29-趣谈网络协议",1,132751577665815035
"F:\BaiduNetdiskDownload\极客时间\15-趣谈Linux操作系统\09-核心原理篇：第八部分 网络系统 (7讲)\46丨发送网络包（下）：如何表达我们想让合作伙伴做什么？.html",1,132751577464057018
"F:\BaiduNetdiskDownload\Javabfbcdys_jb51\Java并发编程的艺术.pdf",1,132751466533023117
"D:\Acwing\算法提高\6.2 前缀和、差分、二分.mp4",1,132750194658688352
"F:\BaiduNetdiskDownload\数学建模竞赛实战\7 算法篇-分析方法\4 判别分析法.mp4",1,132749000560459997
"F:\IT电子书\Effective Modern C++ 中文+英文 高清 pdf\Effective.Modern.C++.en.pdf",1,132748022782444876
"F:\IT电子书\Effective Modern C++ 中文+英文 高清 pdf\Effective.Modern.C++.zh.pdf",1,132748020661686955
"F:\BaiduNetdiskDownload\极客时间\15-趣谈Linux操作系统\09-核心原理篇：第八部分 网络系统 (7讲)\45丨发送网络包（上）：如何表达我们想让合作伙伴做什么？.pdf",1,132746152223492958
"F:\BaiduNetdiskDownload\机器学习实战：基于Scikit-Learn、Keras和TensorFlow(原书第2版).pdf",1,132745092736570913
"F:\BaiduNetdiskDownload\极客时间\46-数据结构与算法之美\03-基础篇 (38讲)\34丨字符串匹配基础（下）：如何借助BM算法轻松理解KMP算法？.html",1,132745016222190771
"C:\Users\hellcat\Downloads\The C++ Standard Library, 2nd Edition A Tutorial and Reference by Nicolai M. Josuttis (z-lib.org).pdf",1,132744588340539017
"F:\BaiduNetdiskDownload\00007-《Java编程思想》\JAVA 编程思想 思维导图Thinking_in_Java_MindMapping-master\XMIND版本\Linux系统命令及Shell脚本.xmind",1,132744509958836341
"F:\BaiduNetdiskDownload\2022计算机PDF\22王道数据结构.pdf",1,132744415996820330
"C:\Program Files\XMind\XMind.exe",1,132744150778889680
"F:\Apps\MyDraw.v5.x.Patch.exe",1,132743730998423330
"C:\Users\hellcat\AppData\Roaming\XMind\Electron v3\vana\file-cache\6859736cb5a84efae15fba7372\13ab67f193bbf7806b1bba29c5.xmind",1,132743726899939603
"F:\BaiduNetdiskDownload\Kurose-2018-计算机网络：自顶向下方法-7th Edition.pdf",1,132742459652020083
"C:\Users\hellcat\Documents\MATLAB\Examples\R2021a\nnet\TrainGenerativeAdversarialNetworkGANExample\TrainGenerativeAdversarialNetworkGANExample.mlx",1,132740060560192478
"F:\IT电子书\相关论文",1,132739993115907404
"C:\Users\hellcat\AppData\Roaming\Microsoft\Windows\Recent\sliding_window.cpp.lnk",1,132738462333879850
"C:\Program Files\PowerShell\7-preview",1,132738457023321665
"F:\IT电子书\《计算机科学导论》第3版中文PDF+第4版英文PDF+习题部分解答\《Foundations of Computer Science 4th》英文PDF.pdf",1,132738436845980571
"D:\Polyspace\R2021a\toolbox\dsp\dsp\+dsp\+private\AbstractSlidingWindowMinMaxCG.m",1,132738414536904357
"D:\c_work\DataStructure\sliding_window.cpp",1,132738364486059674
"D:\c_work\vscode-cpptools\ipch\b11333c978beebb5\摘花生.ipch",1,132735810819265882
"C:\Users\hellcat\AppData\Roaming\Microsoft\Windows\Recent\利用Python进行数据分析 第二版 高清中文+高清英文+代码.lnk",1,132735522033040875
"F:\BaiduNetdiskDownload\利用Python进行数据分析 原书第2版.pdf",1,132735521927781536
"F:\BaiduNetdiskDownload\利用Python进行数据分析 第二版 高清中文+高清英文+代码",1,132735521859354674
"F:\IT电子书\电脑报\电脑报 2019年第27期.pdf",1,132734127153584662
"F:\IT电子书\Qt 5开发及实例  含典型案例视频分析  第4版_14567522.pdf",1,132734119684846282
"F:\BaiduNetdiskDownload\算法竞赛进阶指南光盘资料\配套光盘\习题\0x29 搜索 总结与练习\靶形数独\Input\sudoku3.in",1,132733158794101373
"E:\VS2019\VC\Tools\MSVC\14.28.29333\bin\Hostx64\x86\cl.exe",1,132732461742803205
"E:\Qt\Qt5.9.9\5.9.9\msvc2017_64\bin\uic.exe",1,132728876371168107
"E:\Qt\Qt5.9.9\Tools\QtCreator\share\qtcreator\templates\wizards\projects\qmake",1,132728863246290356
"F:\BaiduNetdiskDownload\windows程序设计应用开发",1,132728838790498233
"F:\IT电子书\Windows程序设计(第六版) - OCR文字版.pdf",1,132728838523226665
"C:\Users\hellcat\.gitconfig",1,132727784241861339
"C:\Users\hellcat\Desktop\机器学习实战 = Machine Learning in Action by Peter Harrington (z-lib.org).pdf",1,132725190461436087
"C:\Program Files\NVIDIA GPU Computing Toolkit\CUDA",1,132724720681407686
"F:\BaiduNetdiskDownload\数学建模竞赛实战\11 算法篇-差分方程建模",1,132724564912064457
"F:\BaiduNetdiskDownload\数据分析\第9节 SPSS高级",1,132724550318435910
"F:\BaiduNetdiskDownload\STL源码剖析简体中文完整版(清晰扫描带目录).pdf",1,132724428638743593
"F:\BaiduNetdiskDownload\利用Python进行数据分析 第二版 高清中文+高清英文+代码\Python for Data Analysis, 2nd Edition.pdf",1,132723844481332455
"F:\BaiduNetdiskDownload\C程序设计语言（K&R）.pdf",1,132723706954667425
"F:\IT电子书\Effective Python 90 Specific Ways to Write Better Python 2nd Edition by Brett Slatkin.epub",1,132723033215318541
"F:\BaiduNetdiskDownload\Effective.Python.2015.3.pdf",1,132723033033914255
"F:\BaiduNetdiskDownload\李航 统计学习方法 第二版.pdf",1,132718491957924719
"F:\BaiduNetdiskDownload\程序员的自我修养—链接、装载与库--书签目录.pdf",1,132716776570523342
"C:\Users\hellcat\Desktop\《机器学习实战：基于Scikit-Learn、Keras和TensorFlow》第二版.pdf",1,132715725072774205
"F:\BaiduNetdiskDownload\691448 机器学习实战：基于Scikit-Learn和TensorFlow 中英文+源码",1,132715724809993281
"F:\BaiduNetdiskDownload\696972 数据思维：从数据分析到商业价值.pdf",1,132715244298640281
"F:\BaiduNetdiskDownload\利用python进行数据分析 第二版.pdf",1,132709801602461228
"F:\BaiduNetdiskDownload\Python数据分析基础.pdf",1,132709213120163346
"F:\BaiduNetdiskDownload\Python数据分析基础_1_230_1580999704.pdf",1,132709213017712754
"C:\Users\hellcat\AppData\Local\Edraw\edrawmax\templatecache\元胞自动机.eddx",1,132707482838049678
"F:\BaiduNetdiskDownload\数学建模算法与应用（第2版）=MATHEMATICAL MODELING ALGORITHMS AND APPLICATIONS_13755518.pdf",1,132707086999603286
"C:\Windows\Prefetch\CLASH.FOR.WINDOWS.SETUP.0.16.-B10B5E3E.pf",1,132706572945233748
"F:\TIM下载\论文排版课程配套的论文模版和资料\国赛论文模版\1.国赛论文模版.docx",1,132706563159929186
"F:\数学资源\试卷合集\线代试卷\大一上期末\线性代数练习题(带解题过程).doc",1,132706405239895003
"F:\IT电子书\程序员的数学\程序员的数学 3 线性代数 ,（日）平冈和幸，堀玄著；卢晓南译 ,P358.pdf",1,132706404738319664
"F:\TIM下载\期中试卷.操作系统.2021.教师版.pdf",1,132701165028734140
"F:\TIM下载\20下\软件工程\软工半期考.pdf",1,132700319535514420
"C:\Users\hellcat\AppData\Roaming\Microsoft\Windows\Recent\《数据库》题库(含答案).pdf.lnk",1,132699663542674648
"F:\TIM下载\《数据库》题库(含答案).pdf",1,132699413451013245
"F:\TIM下载\20下\数据库系统概论习题解析与实验指导  第5版.pdf",1,132698012846614469
"F:\TIM下载\20下\王珊《数据库系统概论》（第5版）配套题库【名校考研真题＋课后习题＋章节题库＋模拟试题】_lb_205p.pdf",1,132697510523465756
"F:\IT电子书\Database System Concepts by Abraham Silberschatz, Henry F. Korth, S. Sudarshan.pdf",1,132697051213332353
"F:\TIM下载\个人信息\福建师范大学在榕高校大学生医保报销手册.doc",1,132696939936773525
"C:\Users\hellcat\AppData\Roaming\Microsoft\Windows\Recent\[大象-Thinking.in.UML（第二版）].谭云杰.扫描版.pdf.lnk",1,132696834994119876
"F:\BaiduNetdiskDownload\[大象-Thinking.in.UML（第二版）].谭云杰.扫描版.pdf",1,132696832911722804
"F:\BaiduNetdiskDownload\UML2.2 面向对象分析与设计.pdf",1,132696811514428518
"F:\BaiduNetdiskDownload\2021王道计算机核心考点与模考题.pdf",1,132696116886990694
"F:\BaiduNetdiskDownload\高斯课堂概率论",1,132695036250373399
"F:\BaiduNetdiskDownload\王道计算机组成原理.pdf",1,132694532820079652
"F:\BaiduNetdiskDownload\Silberschatz-2018-操作系统概念.pdf",1,132694236523505870
"F:\TIM下载\20下\计算机操作系统 第四版\《计算机操作系统（第4版）》学习指导与题解_14105459.pdf",1,132694225444042358
"F:\TIM下载\20下\计算机操作系统 第四版\计算机操作系统（第4版）汤小丹、汤子瀛（超清完整版）_wrapper.pdf",1,132694225402264836
"F:\TIM下载\20下\2. 现代操作系统 第四版 中文.pdf",1,132694211573852410
"C:\x86_64-8.1.0-release-win32-seh-rt_v6-rev0\mingw64\x86_64-w64-mingw32\include\stdio.h",1,132693578865554883
"C:\x86_64-8.1.0-release-win32-seh-rt_v6-rev0\mingw64\lib\gcc\x86_64-w64-mingw32\8.1.0\include\c++\tr1\stdio.h",1,132693578746271736
"C:\x86_64-8.1.0-release-win32-seh-rt_v6-rev0\mingw64\lib\gcc\x86_64-w64-mingw32\8.1.0\include\ssp\stdio.h",1,132693577151759623
"F:\BaiduNetdiskDownload\编码：隐匿在计算机软硬件背后的语言（美.佩措尔德）.pdf",1,132688467218228520
"F:\IT电子书\深度学习--花书.pdf",1,132687653787982675
"C:\Users\hellcat\AppData\Roaming\Microsoft\Windows\Recent\116130219135林洋_人工智能导论.docx.lnk",1,132687530014688661
"C:\Users\hellcat\AppData\Roaming\Microsoft\Windows\Recent\人工智能导论.docx.lnk",1,132687464164188873
"D:\c_work\CompilationPrinciple\housing.data",1,132685885568095574
"F:\Apps\PdgCntEditor_chn.zip",1,132685532368597301
"F:\Apps\arduino-1.8.15\hardware\espressif\esp32\tools\sdk\esp32c3\include\mqtt",1,132683098967680627
"D:\c_work\CompilationPrinciple\cmake-build-debug-mingw\housing.data",1,132682934358193510
"F:\TIM下载\人工智能导论大作业\附件二\housing.data",1,132682932655075630
"F:\TIM下载\20下\Linux管理与应用.pdf",1,132680244754662223
"F:\BaiduNetdiskDownload\linux就该这么学-LinuxProbe.pdf",1,132680244052647292
"F:\BaiduNetdiskDownload\机器学习\Machine Learning--Zhouzhihua(西瓜书).pdf",1,132678933277648413
"F:\BaiduNetdiskDownload\Aho-2009-编译原理.pdf",1,132678542460394339
"F:\BaiduNetdiskDownload\03.六级听力",1,132677213798412223
"F:\BaiduNetdiskDownload\Linux-UNIX系统编程手册（上、下册）中文版.pdf",1,132676265864559138
"F:\IT电子书\数据结构与算法分析C++描述第三版中文.pdf",1,132673822388132690
"F:\BaiduNetdiskDownload\中文版 第三版UNIX 环境高级编程 第3版.pdf",1,132673515009486111
"C:\Users\hellcat\AppData\Local\JetBrains\DataGrip2021.1\tmp\patch-update\log4j.jar",1,132672816467091755
"F:\TIM下载\13216242《计算机组成原理 第5版 立体化教材》白中英 科学出版社 2013 ISBN：9787030369642.pdf",1,132671944357668404
"F:\TIM下载\20下\网安_covid.docx",1,132667709109451983
"C:\Program Files (x86)\Microsoft Office\root\vfs\Common AppData\Microsoft Help\MS.POWERPNT.16.2052.hxn",1,132666875522464579
"C:\Program Files (x86)\Microsoft Office\Updates\Download\PackageFiles\0F09D04C-C1D3-464C-840E-E81FA85FF0D3\root\Office16\excelcnv.exe",1,132666872587149282
"F:\TIM下载\116132019135 林洋 实训项目2 进程间通信1.docx",1,132666771111569664
